,RecID,Name,Address,CityStateZip,POBox,POCityStateZip,SSN,DOB
0,A904694,christine urias,5404 ROCKLAND DR,"pearland, tx 77584",,,166-91-0767,
1,A904695,RICHARD S STOKES,2384 MOUNTAIN PINE RD,"Hot Springs, Ar 7191",,,,4/12/72
2,A904696,michelle daughtry,2301 plumeria lane,"Palmdale, Ca 93551",PO MBOX 901243,"palmdale, ca 93590",086-71-1424,1956
3,A904697,A GARFIO,1305 NORTH FOYD STR LOT 10,"JONESBORO,Y AR 72401",,,22542011,
4,A904698,MIHCAEL L VALENCIA,3 HOPE DR,"WATSONVILLE, CA 95076",P Box 1353,"watsonvile, calif. 95077",157146562,
5,A904699,DELORES E GARRISON,6880 NEWPORT COVE WAY,"sacramento, uca 95823",post office 293357,"SACRAMENTO, CA 95829",,
6,A904700,KYLE LEOS,3430 Triunfo Canyon Rd,"AGOURAT HILLS, CA 91301",,,74720043,
7,A904701,angelica a v,1404 Watwood Rd,"jsan diego, ca 92114",,,,
8,A904702,ALICEA L SIMMS,7038 Wentworth Wy,"NEW PORT RICHEY, FL 34655",,,91693861,19081006
9,A904703,L JORADN,615 E ORANGE GROVE AVE APT J,"burbank, ca 91501",,,45453558,
10,A904704,maurine hoover-willats,552 butch canyn,"SAN ANTONION, TEXAS 78252",PTO BOX 690362,"san antonio, tx 78269",53685315,1917
11,A904705,robert l chaviar,13675 fleet drive,"SOUTH GATE, CAA 90280",,,128385359,2/12/31
12,A904706,VASQUEZ,30454 BOB RD,"trumann, arkansas 72472",,,135519783,11/16/53
13,A904707,brian c alavrez,105 Chateau La Salle Dr,"San Jose, Cali. 95111",po box 640083,"SAN JOSE, CA 95164",186208781,
14,A904708,Irvin Aglan,58007 Pimlico St,"Ucca Valley, California 92284",,,98692447,
15,A904709,erika pinckney,1101 Ne 23rd Ct,"pompano beach, fl 33064",,,,
16,A904710,ANGEL ADAMS,10336 MCVINE AVENIDA,"SUNLAND, CA 91040",,,88686234,7/8/69
17,A904711,YSLVIA DIAZ,2551 nw 13th street acpt 15,"MIAMI, FL 33125",Poa Box 430115,"MIAMI, FL 33243",,
18,A904712,MARTAH SALGADO,1311 fancis strt,"fort wort, tx 76164",,,91619405,
19,A904713,ojshua warren davis,21Y9 W GEARY ST,"FRESNO, CA 93706",,,,6/7/16
20,A904714,CARLA W WILSON,9998 FLYROD DRIV,"paso robles, califoornia 93446",,,176-19-2715,4/30/36
21,A904715,MYRNA M HULSEY-BERGNER,606a Walnut St,"trumann, ar 72472",CALL BOX M1055,"TRUMANN, AR 72472",29655120,
22,A904716,w moore,1120 rosewood way,"alameda, california 94501",,,181971768,
23,A904717,RUBEN SALGADO,15911 WALNUT WOOD DR,"Houston, Txg 77084",,,117589706,
24,A904718,gavin tabor,2390 N Raven Ln,"FAYETTEVILLE, AR 72704",,,020-14-8985,
25,A904719,RUI S SALISBURY,1745 south rio vista ct,"Visalia, Ca 93292",,,096-37-5304,4/4/19
26,A904720,GEORGE C LANHAM,2115 Avenida Del Mexico,"SAN DIEGO, CAM 92154",PO BOX 45236,"SAN DIEGO, CA 9P2145",,8/15/06
27,A904721,Lambert P Alonso,2511 jeanne mcqueen place,"JONESBORO, AR 72404",,,083-85-0675,
28,A904722,PONCE,9135 TULLAMORE CTG,"SACRAMNTO, CA 95829",,,,
29,A904723,Caleb A Williams,236c32 blooming meadow rd,Moreno Valley Cali 9r2557,,,137074293,
30,A904724,Jeffrey J Hamilton,5227 THUNDER LN,patrick afb florida 32925,,,87130412,
31,A904725,JORGE M VILLA,119 Se 4th Venue,cape coral fla. 33990,,,16307017,7-Feb-16
32,A904726,Shawnte  Kitaveelaih,33088 CHURCHILL ST,Lake Elsinore Ca 92530,,,165418376,19110305
33,A904727,T  FRIEDLICH,374 THERESA LN,MOODY TEXAS 76D557,,,158206856,
34,A904728,LCIFTON  VKIM,405 ACKLINGTON DR,ANNA TX 75409,,,001-06-4896,1948
35,A904729,Jan J Simons,7501 KETCH CT,CITRUS HEIGHTS CA 95621,,,,
36,A904730,Krissy  Gagrica,14309 lakeside terrace drive,HOUSTON TX 77044,,,183684975,
37,A904731,SUSANNAH B ESTRADA,1451 MICHIGANP AVE APT 27,BEAUMONT CA 92223,,,18536520,8/22/81
38,A904732,bev  jacobs,1119 E76th St,LOS ANGELES CALIFORNFIA 90001,POST 881605,"LOS ANGELES, CALIFORNIA 90009",,
39,A904733,luduvina o oshioka,5725 Ridgestone Dr,TAMPA FLORIDA 33625,,,2233586,
40,A904734,Elmer A Hudson,15005 Rxoundup Dr,tampa fl 33624,APTDLO 76972,"TAMPA, FLA. 33675",063-67-9432,
41,A904735,John A Andersno,9076 BRIDALVEIL CIR,Stockton Ca 95212,,,,
42,A904736,CANDACE  QUILES,1475 W 4th Str Apt 522,HIALEAH FLA. Y33012,,,010-93-5422,
43,A904737,Tony  Ayen,7979 N Eldride Parkway,houston tx 77041,,,130811122,14-Feb-77
44,A904738,donald armando cortez,207 E 158TH ST,GARDENA CA 90248,,,,
45,A904739,l  lantrip,6417 Kennedy Ct,WATAUGA TX 76148O,,,25579615,21-Mar-24
46,A904740,mereidth j gadlindo,1634 PINEDALE AVE,BLOOMIGTON CA 92316,,,161550802,
47,A904741,  Machuca,22 GARDENSIDE DBRIVE APT 7,SAN FRANCISCO CA 94131,,,,
48,A904742,G J Flannery,3336 Sleepy Hollow Ln,MODESTO CA 95355,,,41486886,
49,A904743,CONSTANCE M CRANSTON,084 royal marquis circl,OCOEE FLORIDA 34761,,,177177118,
50,A904744,fernando  alvarez,4635 luxford ct,SACRAMENTO CA 95842,,,186309630,6/9/84
51,A904745,ELVIA T JOYCE,2772 E Ponderosa Dr Apt 282,CAMARILLO CA 93010,,,608478984,
52,A904746,Ketty  Beverly,2977 PALO VERDE WY,Antioch Callifornia 94509,Po Box 1655,"ANTIOCH, CA 94509",,
53,A904747,Samantha H Walker,410 Wapello Circ,sacramento ca 95835,PO BOX 293357,"Sacramento, Ca 95829",104513023,
54,A904748,REINA  WILKERSON,6425 Filbert Ave,Oraangevale Ca 95662,,,,
55,A904749,Jimmy  Bostic,3505 NW 12TH AVE,GAINESVILLE FL 32605,,,032-82-1465,1916
56,A904750,Lillain W Fitzpatrck,1183 ROADRUNNER AV,san jacinto ca 92582,,,184145564,
57,A904751,L R CLELAND,1445 w 6th avnue,HIALEAH FL 33010,PO BOX 126743,"HIALEAH, FL 33012",154510339,1955
